phase,month,method,actual_net_revenue,forecast_net_revenue,absolute_error
validation,2024-01-01,naive,24468923.46,23955520.96,513402.5
validation,2024-02-01,naive,24920047.7,24468923.46,451124.23999999836
validation,2024-03-01,naive,25243574.24,24920047.7,323526.5399999991
validation,2024-04-01,naive,25450473.98,25243574.24,206899.7400000021
validation,2024-05-01,naive,25502189.37,25450473.98,51715.390000000596
validation,2024-06-01,naive,25489020.68,25502189.37,13168.690000001341
validation,2024-01-01,moving_average,24468923.46,23668166.610000003,800756.8499999978
validation,2024-02-01,moving_average,24920047.7,24025719.173333336,894328.5266666636
validation,2024-03-01,moving_average,25243574.24,24448164.040000003,795410.1999999955
validation,2024-04-01,moving_average,25450473.98,24877515.13333333,572958.8466666713
validation,2024-05-01,moving_average,25502189.37,25204698.64,297490.73000000045
validation,2024-06-01,moving_average,25489020.68,25398745.863333333,90274.81666666642
validation,2024-01-01,exponential_smoothing,24468923.46,23992888.41511784,476035.0448821597
validation,2024-02-01,exponential_smoothing,24920047.7,24901576.73572207,18470.964277930558
validation,2024-03-01,exponential_smoothing,25243574.24,25379612.469552957,136038.22955295816
validation,2024-04-01,exponential_smoothing,25450473.98,25553052.656169016,102578.67616901547
validation,2024-05-01,exponential_smoothing,25502189.37,25649581.88470833,147392.514708329
validation,2024-06-01,exponential_smoothing,25489020.68,25559669.686553586,70649.00655358657
test,2024-07-01,naive,25387175.88,25489020.68,101844.80000000075
test,2024-08-01,naive,25280381.96,25387175.88,106793.91999999806
test,2024-09-01,naive,25155120.25,25280381.96,125261.7100000009
test,2024-10-01,naive,25217611.66,25155120.25,62491.41000000015
test,2024-11-01,naive,25477327.38,25217611.66,259715.7199999988
test,2024-12-01,naive,25867983.42,25477327.38,390656.04000000283
test,2024-07-01,moving_average,25387175.88,25480561.343333334,93385.46333333477
test,2024-08-01,moving_average,25280381.96,25459461.976666663,179080.01666666195
test,2024-09-01,moving_average,25155120.25,25385526.173333336,230405.92333333567
test,2024-10-01,moving_average,25217611.66,25274226.03,56614.37000000104
test,2024-11-01,moving_average,25477327.38,25217704.623333335,259622.75666666403
test,2024-12-01,moving_average,25867983.42,25283353.096666664,584630.3233333379
test,2024-07-01,exponential_smoothing,25387175.88,25466232.144793782,79056.26479378343
test,2024-08-01,exponential_smoothing,25280381.96,25520158.06531607,239776.10531606898
test,2024-09-01,exponential_smoothing,25155120.25,25193225.405626755,38105.15562675521
test,2024-10-01,exponential_smoothing,25217611.66,25051307.63402768,166304.02597232163
test,2024-11-01,exponential_smoothing,25477327.38,25278175.595919274,199151.78408072516
test,2024-12-01,exponential_smoothing,25867983.42,25702256.189883783,165727.23011621833
